{
    "INPUT_SIZE": 24,
    "hidden_size": 512,
    "num_layers": 4,
    "OUTPUT_SIZE": 24,
    "learning_rate": 0.0001,
    "num_epochs": 15,
    "batch_size": 256,
    "seq_length": 8,
    "stride": 1,
    "databank": "csv",
    "data_cap": 0,
    "train_loss": 0.15888388925011065,
    "val_loss": 0.1677492198403581,
    "train_losses_list": [
        0.18444472650796437,
        0.1649386721054932,
        0.16391028419204093,
        0.16319841056329162,
        0.16261880326834807,
        0.1621150601948599,
        0.16166184763765404,
        0.16124308258527825,
        0.16085092536197979,
        0.1604835148547604,
        0.16013380443141773,
        0.15980009946311144,
        0.15948327994490114,
        0.15917629879365644,
        0.15888388925011065
    ],
    "val_losses_list": [
        0.1677962543331904,
        0.16685800898885472,
        0.16661230646918096,
        0.166593094474544,
        0.16642485808831542,
        0.16644369709307302,
        0.1664862546954738,
        0.16659326833115629,
        0.1667602373857791,
        0.16688072803440748,
        0.16701527842796599,
        0.1672734383350498,
        0.16733015429206485,
        0.1676335057076536,
        0.1677492198403581
    ]
}