{
    "INPUT_SIZE": 24,
    "hidden_size": 512,
    "num_layers": 4,
    "OUTPUT_SIZE": 24,
    "learning_rate": 0.0001,
    "num_epochs": 50,
    "batch_size": 256,
    "seq_length": 8,
    "stride": 2,
    "databank": "csv",
    "data_cap": 0,
    "train_loss": 0.1538790515562659,
    "val_loss": 0.17330505835438295,
    "train_losses_list": [
        0.2044756378368068,
        0.16657725132534004,
        0.16524375040808645,
        0.16455894760114312,
        0.16405060448927683,
        0.16362481321894193,
        0.16325878474102634,
        0.16291721905719997,
        0.1626042866770743,
        0.16230515147423855,
        0.1620181910714183,
        0.16174550065585336,
        0.1614795680223161,
        0.1612183033242525,
        0.1609604094751396,
        0.16070818355857505,
        0.16046242629039525,
        0.1602145190625972,
        0.15997424855166517,
        0.15973831957459997,
        0.15950304786242533,
        0.1592681395249929,
        0.15904081497130312,
        0.15881153148129742,
        0.15858871546036252,
        0.15836993800188096,
        0.1581502222092922,
        0.15793497240835455,
        0.15771767971800443,
        0.15750489571101814,
        0.15730043447401038,
        0.15709652573646118,
        0.15689380632151506,
        0.15669212551613496,
        0.1564958689935722,
        0.15630296326340798,
        0.15610994916597515,
        0.15592127256973962,
        0.15574047320195764,
        0.15555401479120823,
        0.15537410777524274,
        0.15519864225551874,
        0.1550227846823644,
        0.1548517318213698,
        0.1546813017878379,
        0.15451471538492587,
        0.15435172573987047,
        0.15419358347130405,
        0.15403268532128647,
        0.1538790515562659
    ],
    "val_losses_list": [
        0.17019980168943344,
        0.16785644379103123,
        0.1672488317677394,
        0.16701369104008038,
        0.16675126615823477,
        0.16660110297480046,
        0.16651706909263378,
        0.16648862292039301,
        0.16645360848690346,
        0.1664813352818828,
        0.16647051621135023,
        0.16651037074383254,
        0.16659872314239096,
        0.16669866061499936,
        0.16675466624349425,
        0.16685518819563647,
        0.16698289556966042,
        0.1670891303652132,
        0.1672683246606763,
        0.16723827460302318,
        0.16752193536811855,
        0.16754863271727652,
        0.16787306175044234,
        0.1679262370537297,
        0.16808439412271484,
        0.16821812204082262,
        0.1684050776567907,
        0.16855607583125662,
        0.16865703761421882,
        0.16891227249891824,
        0.169137453964898,
        0.16948284906769043,
        0.16944627106861077,
        0.16975790923275313,
        0.17005362732122237,
        0.1701889193499581,
        0.17044194756682202,
        0.1705645396042385,
        0.17084364374840863,
        0.17106817366924748,
        0.17119792188464544,
        0.17148994080050983,
        0.17172190577874918,
        0.171967330380506,
        0.17208917123337802,
        0.17217971353466793,
        0.17251834816775638,
        0.17280415496436374,
        0.17309444820654568,
        0.17330505835438295
    ]
}