{
    "INPUT_SIZE": 24,
    "hidden_size": 512,
    "num_layers": 4,
    "OUTPUT_SIZE": 24,
    "learning_rate": 1e-05,
    "num_epochs": 10,
    "batch_size": 256,
    "seq_length": 8,
    "stride": 2,
    "databank": "csv",
    "data_cap": 0,
    "train_loss": 0.1664737479190184,
    "val_loss": 0.16842943210807088,
    "train_losses_list": [
        0.2637749673788982,
        0.23806253565215774,
        0.20240354095721136,
        0.18160887894276273,
        0.17248425993400912,
        0.16926224088687078,
        0.16798477656443306,
        0.1672779706125055,
        0.1668095219107901,
        0.1664737479190184
    ],
    "val_losses_list": [
        0.251103292124608,
        0.22094951131408347,
        0.19275289625829173,
        0.17829666931668353,
        0.17272409932887725,
        0.17077624728436863,
        0.1696615819713292,
        0.16907521361148584,
        0.16869385712388582,
        0.16842943210807088
    ]
}