{
    "INPUT_SIZE": 24,
    "hidden_size": 512,
    "num_layers": 4,
    "OUTPUT_SIZE": 24,
    "learning_rate": 0.0001,
    "num_epochs": 10,
    "batch_size": 256,
    "seq_length": 8,
    "stride": 2,
    "databank": "csv_transposed",
    "data_cap": 0,
    "train_loss": 0.1679070693486461,
    "val_loss": 0.1706475922838652,
    "train_losses_list": [
        0.17674289194216333,
        0.1695297097279111,
        0.16913360582275036,
        0.1688743471445302,
        0.168668013964896,
        0.1684889442166066,
        0.16832793600786664,
        0.16817924250979538,
        0.1680381317633015,
        0.1679070693486461
    ],
    "val_losses_list": [
        0.17120350488376526,
        0.17081512052516312,
        0.17065250066919768,
        0.17062446179927876,
        0.17055719813505213,
        0.170564048562919,
        0.17059837809248488,
        0.17054963533906686,
        0.17060620246628325,
        0.1706475922838652
    ]
}