{
    "INPUT_SIZE": 24,
    "hidden_size": 512,
    "num_layers": 4,
    "OUTPUT_SIZE": 24,
    "learning_rate": 0.0001,
    "num_epochs": 10,
    "batch_size": 256,
    "seq_length": 16,
    "stride": 4,
    "databank": "csv",
    "data_cap": 0,
    "train_loss": 0.1909576977314004,
    "val_loss": 0.19559837625358517,
    "train_losses_list": [
        0.24115376900970564,
        0.2018529961949719,
        0.19583546193934112,
        0.1944381377943621,
        0.19360061362431408,
        0.19295723513471888,
        0.19239361552590759,
        0.19188207982765254,
        0.1914123143488935,
        0.1909576977314004
    ],
    "val_losses_list": [
        0.2159176994025098,
        0.19940428447573824,
        0.19753658276771413,
        0.19674424702114665,
        0.1963313435200865,
        0.19606170167654863,
        0.19567678116095774,
        0.1956730701659415,
        0.19556220159017684,
        0.19559837625358517
    ]
}