{
    "INPUT_SIZE": 24,
    "hidden_size": 512,
    "num_layers": 4,
    "OUTPUT_SIZE": 24,
    "learning_rate": 0.001,
    "num_epochs": 10,
    "batch_size": 256,
    "seq_length": 16,
    "stride": 1,
    "databank": "csv",
    "data_cap": 0,
    "train_loss": 0.1774439097189563,
    "val_loss": 0.20279156644568444,
    "train_losses_list": [
        0.19598104503407082,
        0.18876273567451685,
        0.18594056147388463,
        0.18378331716306975,
        0.18212502903780642,
        0.1807994273015098,
        0.1797215217836991,
        0.1788296171700652,
        0.17808716926545193,
        0.1774439097189563
    ],
    "val_losses_list": [
        0.19540712015978315,
        0.19586259149207944,
        0.1969580537830929,
        0.1981082759522363,
        0.1991654462711655,
        0.2000306355728548,
        0.2007240319285074,
        0.20163340390097223,
        0.2021112112781252,
        0.20279156644568444
    ]
}