{
    "INPUT_SIZE": 24,
    "hidden_size": 512,
    "num_layers": 4,
    "OUTPUT_SIZE": 24,
    "learning_rate": 0.001,
    "num_epochs": 10,
    "batch_size": 256,
    "seq_length": 64,
    "stride": 4,
    "databank": "csv",
    "data_cap": 0,
    "train_loss": 0.1831672752170803,
    "val_loss": 0.2501160484319184,
    "train_losses_list": [
        0.23562944080012435,
        0.22281353318061525,
        0.21606818442152817,
        0.20922882743820512,
        0.20301476527161036,
        0.19766709317043607,
        0.19313555741339408,
        0.18928876121777868,
        0.18601310120058,
        0.1831672752170803
    ],
    "val_losses_list": [
        0.2325967233619359,
        0.23094693310367934,
        0.23176543353169698,
        0.23385140804368282,
        0.23614090910805177,
        0.23879992814051812,
        0.24225671295099166,
        0.24474827715850286,
        0.24843712218720024,
        0.2501160484319184
    ]
}