{
    "INPUT_SIZE": 24,
    "hidden_size": 512,
    "num_layers": 4,
    "OUTPUT_SIZE": 24,
    "learning_rate": 0.001,
    "num_epochs": 5,
    "batch_size": 256,
    "seq_length": 8,
    "stride": 1,
    "databank": "csv",
    "data_cap": 0,
    "train_loss": 2.038105974730761,
    "val_loss": 2.0406179588824824,
    "train_losses_list": [
        2.052323188032212,
        2.0370255947193363,
        2.0376120512984044,
        2.038017181905584,
        2.038105974730761
    ],
    "val_losses_list": [
        2.0283624927289363,
        2.0312623567684565,
        2.0277881411885073,
        2.0354216949187904,
        2.0406179588824824
    ]
}