{
    "model_name": "0858_seq2_lstm",
    "average_certainty": 0.1497144983492112,
    "highest_certainty": 0.9899877,
    "lowest_certainty": 0.0,
    "note_ranking": [
        [
            "G#",
            0.9195585840780871
        ],
        [
            "F",
            0.8522314455707081
        ],
        [
            "D#",
            0.004457540003276667
        ],
        [
            "C#",
            0.003974734804659069
        ],
        [
            "D",
            0.003288631155367831
        ],
        [
            "Bb",
            0.0032477604743975336
        ],
        [
            "C",
            0.003075874803657762
        ],
        [
            "G",
            0.002336966605910704
        ],
        [
            "A#",
            0.0020652610974567533
        ],
        [
            "F#",
            0.00116494137977153
        ],
        [
            "A",
            0.0006823126742691949
        ],
        [
            "E",
            0.0004899275429719784
        ]
    ],
    "distinct_notes": 2,
    "note_counts": {
        "C": 0.0,
        "C#": 0.0,
        "D": 0.0,
        "D#": 0.0,
        "E": 0.0,
        "F": 5289.0,
        "F#": 0.0,
        "G": 0.0,
        "G#": 5289.0,
        "A": 0.0,
        "A#": 0.0,
        "Bb": 0.0
    }
}