{
    "model_name": "1289_seq4_lstm",
    "total_notes": 3190.92614684888,
    "average_certainty": 0.04967504431858896,
    "highest_certainty": 0.84109527,
    "lowest_certainty": 0.0,
    "note_ranking": [
        [
            "A#",
            0.16822173594107978
        ],
        [
            "F#",
            0.09102487289835606
        ],
        [
            "G#",
            0.06690842564554268
        ],
        [
            "C#",
            0.05327108523941715
        ],
        [
            "G",
            0.040787944238654956
        ],
        [
            "D#",
            0.03748814715382028
        ],
        [
            "D",
            0.03698009719855408
        ],
        [
            "E",
            0.028603900207085742
        ],
        [
            "F",
            0.022360378381916683
        ],
        [
            "A",
            0.018483677317375304
        ],
        [
            "C",
            0.017137395382990847
        ],
        [
            "Bb",
            0.014832872218273866
        ]
    ]
}