{
    "model_name": "1664_00001LR_50epochs_lstm",
    "total_notes": 7851.563599639599,
    "average_certainty": 0.12222995827323617,
    "highest_certainty": 0.9999528,
    "lowest_certainty": 0.0,
    "note_ranking": [
        [
            "C",
            0.3019268762895861
        ],
        [
            "D#",
            0.27054660629984395
        ],
        [
            "E",
            0.14114962498527844
        ],
        [
            "G#",
            0.131183365759151
        ],
        [
            "G",
            0.11923935802256908
        ],
        [
            "F#",
            0.10478205982487988
        ],
        [
            "F",
            0.09491301721435476
        ],
        [
            "C#",
            0.08030435838288387
        ],
        [
            "A#",
            0.07339249704204302
        ],
        [
            "D",
            0.05354852281188509
        ],
        [
            "A",
            0.051259078287680976
        ],
        [
            "Bb",
            0.04451413435867794
        ]
    ]
}