{
    "model_name": "1664_seq8_00001LrR_stride1_15epoch_lstm",
    "total_notes": 2518.0364529612903,
    "average_certainty": 0.039199770424081355,
    "highest_certainty": 0.9434889,
    "lowest_certainty": 0.0,
    "note_ranking": [
        [
            "G#",
            0.10543122445813563
        ],
        [
            "D#",
            0.04892344784896321
        ],
        [
            "C",
            0.04786757394688959
        ],
        [
            "F",
            0.041726708065813564
        ],
        [
            "A#",
            0.03844258850805156
        ],
        [
            "G",
            0.03474610867166075
        ],
        [
            "C#",
            0.03306459891559313
        ],
        [
            "F#",
            0.02920386463557071
        ],
        [
            "D",
            0.02778743149022156
        ],
        [
            "A",
            0.025172060697636837
        ],
        [
            "Bb",
            0.02071381510275995
        ],
        [
            "E",
            0.017317822747679807
        ]
    ]
}