{
    "model_name": "1666_seq8_00001LR_lstm",
    "total_notes": 2528.94628691297,
    "average_certainty": 0.03936961029505214,
    "highest_certainty": 0.9603879,
    "lowest_certainty": 0.0,
    "note_ranking": [
        [
            "C",
            0.0796214128356062
        ],
        [
            "F",
            0.07933198180179338
        ],
        [
            "G#",
            0.061720419194881374
        ],
        [
            "D#",
            0.0528769224637026
        ],
        [
            "A#",
            0.04246548123945451
        ],
        [
            "G",
            0.031155439037119374
        ],
        [
            "D",
            0.029051100339884176
        ],
        [
            "C#",
            0.028234735405959274
        ],
        [
            "A",
            0.02080581692370633
        ],
        [
            "E",
            0.019023933583691387
        ],
        [
            "Bb",
            0.014321290876431907
        ],
        [
            "F#",
            0.013826789838395291
        ]
    ]
}