{
    "model_name": "1667_batch256_hidden512_lstm",
    "total_notes": 3585.205217372,
    "average_certainty": 0.05581302100647612,
    "highest_certainty": 0.5573187,
    "lowest_certainty": 0.0,
    "note_ranking": [
        [
            "D#",
            0.15092190448645618
        ],
        [
            "G",
            0.10105480340575378
        ],
        [
            "G#",
            0.09765553135568841
        ],
        [
            "F#",
            0.06334168863687652
        ],
        [
            "A",
            0.05241771917184756
        ],
        [
            "E",
            0.044812902823407434
        ],
        [
            "D",
            0.031205468384961705
        ],
        [
            "C",
            0.030911901264879502
        ],
        [
            "A#",
            0.029130592240463292
        ],
        [
            "C#",
            0.028603357729572204
        ],
        [
            "F",
            0.02446924143142163
        ],
        [
            "Bb",
            0.015231141146385206
        ]
    ]
}