{
    "model_name": "1667_batch256_hidden512_lstm",
    "average_certainty": 0.05581302100647612,
    "highest_certainty": 0.5573187,
    "lowest_certainty": 0.0,
    "note_ranking": [
        [
            "D#",
            0.15092190448645618
        ],
        [
            "G",
            0.10105480340575378
        ],
        [
            "G#",
            0.09765553135568841
        ],
        [
            "F#",
            0.06334168863687652
        ],
        [
            "A",
            0.05241771917184756
        ],
        [
            "E",
            0.044812902823407434
        ],
        [
            "D",
            0.031205468384961705
        ],
        [
            "C",
            0.030911901264879502
        ],
        [
            "A#",
            0.029130592240463292
        ],
        [
            "C#",
            0.028603357729572204
        ],
        [
            "F",
            0.02446924143142163
        ],
        [
            "Bb",
            0.015231141146385206
        ]
    ],
    "distinct_notes": 0,
    "note_counts": {
        "C": 0.0,
        "C#": 0.0,
        "D": 0.0,
        "D#": 0.0,
        "E": 0.0,
        "F": 0.0,
        "F#": 0.0,
        "G": 0.0,
        "G#": 0.0,
        "A": 0.0,
        "A#": 0.0,
        "Bb": 0.0
    }
}