{
    "model_name": "1668_batch64_lstm",
    "total_notes": 3600.8677286970333,
    "average_certainty": 0.05605684863156226,
    "highest_certainty": 0.959062,
    "lowest_certainty": 0.0,
    "note_ranking": [
        [
            "G#",
            0.22309497799680553
        ],
        [
            "C",
            0.08622443428572762
        ],
        [
            "A#",
            0.05871065425830376
        ],
        [
            "C#",
            0.055819549529334954
        ],
        [
            "G",
            0.051726044642686354
        ],
        [
            "F",
            0.0509056098506445
        ],
        [
            "D#",
            0.037139561317367835
        ],
        [
            "E",
            0.03533491614603045
        ],
        [
            "D",
            0.024686633355410423
        ],
        [
            "A",
            0.019636612316641138
        ],
        [
            "Bb",
            0.01470468198738838
        ],
        [
            "F#",
            0.014698507892406128
        ]
    ]
}