{
    "model_name": "1668_seq8_stride1_lstm",
    "total_notes": 3732.932038979345,
    "average_certainty": 0.05811277226133857,
    "highest_certainty": 0.8996594,
    "lowest_certainty": 0.0,
    "note_ranking": [
        [
            "D#",
            0.11109113130766861
        ],
        [
            "C",
            0.09232147377653652
        ],
        [
            "F",
            0.08872444738900616
        ],
        [
            "D",
            0.06807597036501774
        ],
        [
            "A#",
            0.05893496571259106
        ],
        [
            "C#",
            0.05712315510655894
        ],
        [
            "G#",
            0.05118213256730618
        ],
        [
            "G",
            0.05054315096672894
        ],
        [
            "A",
            0.04189947098484028
        ],
        [
            "E",
            0.03460245428861013
        ],
        [
            "F#",
            0.02512205320118438
        ],
        [
            "Bb",
            0.01773286147001401
        ]
    ]
}