{
    "model_name": "1668_numL4_lstm",
    "average_certainty": 0.2678598351440753,
    "highest_certainty": 1.0,
    "lowest_certainty": 0.0,
    "note_ranking": [
        [
            "E",
            0.3033248732219538
        ],
        [
            "G#",
            0.3005570702214745
        ],
        [
            "G",
            0.30035527272412516
        ],
        [
            "F",
            0.2918897515456275
        ],
        [
            "A",
            0.2745244713325236
        ],
        [
            "D",
            0.2691057392960189
        ],
        [
            "A#",
            0.2689790655704396
        ],
        [
            "C#",
            0.25221928892128687
        ],
        [
            "C",
            0.2484004633974657
        ],
        [
            "F#",
            0.23602999873036407
        ],
        [
            "Bb",
            0.23474505240152496
        ],
        [
            "D#",
            0.23418697436609914
        ]
    ],
    "distinct_notes": 232,
    "note_counts": {
        "C": 1093.0,
        "C#": 1085.0,
        "D": 1117.0,
        "D#": 1077.0,
        "E": 1166.0,
        "F": 1109.0,
        "F#": 1070.0,
        "G": 1138.0,
        "G#": 1119.0,
        "A": 1118.0,
        "A#": 1079.0,
        "Bb": 1077.0
    }
}