{
    "model_name": "1668_numL4_lstm",
    "total_notes": 17206.24437031482,
    "average_certainty": 0.2678598351440753,
    "highest_certainty": 1.0,
    "lowest_certainty": 0.0,
    "note_ranking": [
        [
            "E",
            0.3033248732219538
        ],
        [
            "G#",
            0.3005570702214745
        ],
        [
            "G",
            0.30035527272412516
        ],
        [
            "F",
            0.2918897515456275
        ],
        [
            "A",
            0.2745244713325236
        ],
        [
            "D",
            0.2691057392960189
        ],
        [
            "A#",
            0.2689790655704396
        ],
        [
            "C#",
            0.25221928892128687
        ],
        [
            "C",
            0.2484004633974657
        ],
        [
            "F#",
            0.23602999873036407
        ],
        [
            "Bb",
            0.23474505240152496
        ],
        [
            "D#",
            0.23418697436609914
        ]
    ]
}