{
    "model_name": "1668_batch128_lstm",
    "total_notes": 2030.53438999862,
    "average_certainty": 0.031610535992256994,
    "highest_certainty": 0.92329586,
    "lowest_certainty": 0.0,
    "note_ranking": [
        [
            "F",
            0.08206851017018495
        ],
        [
            "D#",
            0.047073025223930504
        ],
        [
            "A#",
            0.04570049242295909
        ],
        [
            "C",
            0.042720191144946754
        ],
        [
            "G",
            0.041778490974873905
        ],
        [
            "G#",
            0.03842481009585279
        ],
        [
            "A",
            0.018702665848520456
        ],
        [
            "D",
            0.017223265601840086
        ],
        [
            "E",
            0.01687884438022978
        ],
        [
            "C#",
            0.01326981137494863
        ],
        [
            "F#",
            0.010157875239305062
        ],
        [
            "Bb",
            0.005328449429491873
        ]
    ]
}