{
    "model_name": "1669_numL6_lstm",
    "total_notes": 1469.4446655584,
    "average_certainty": 0.02287571868669282,
    "highest_certainty": 0.66817784,
    "lowest_certainty": 0.0,
    "note_ranking": [
        [
            "C",
            0.049048279054810386
        ],
        [
            "D",
            0.03163439965897628
        ],
        [
            "G",
            0.0315956699016813
        ],
        [
            "A#",
            0.028724929230039227
        ],
        [
            "F",
            0.027799483447917057
        ],
        [
            "C#",
            0.023911238590323184
        ],
        [
            "D#",
            0.01817704517819914
        ],
        [
            "Bb",
            0.01719891634946759
        ],
        [
            "E",
            0.015644770517373438
        ],
        [
            "A",
            0.012375397005679058
        ],
        [
            "G#",
            0.010902944512852605
        ],
        [
            "F#",
            0.0074955507929945825
        ]
    ]
}