{
    "model_name": "1669_batch256_lstm",
    "total_notes": 8516.792034576187,
    "average_certainty": 0.13258596479507112,
    "highest_certainty": 0.97627556,
    "lowest_certainty": 0.0,
    "note_ranking": [
        [
            "D#",
            0.5429313674605268
        ],
        [
            "A#",
            0.43359970009923404
        ],
        [
            "F",
            0.13449293244444238
        ],
        [
            "D",
            0.134059174354773
        ],
        [
            "G#",
            0.12726879783448533
        ],
        [
            "C",
            0.07628574877705585
        ],
        [
            "F#",
            0.03942330243118065
        ],
        [
            "Bb",
            0.0324569185392322
        ],
        [
            "C#",
            0.029959909058206613
        ],
        [
            "G",
            0.020551253382919858
        ],
        [
            "A",
            0.011752522386432283
        ],
        [
            "E",
            0.00824995077236428
        ]
    ]
}