{
    "model_name": "1669_stride50%_seq8_lstm",
    "average_certainty": 0.033621159736001625,
    "highest_certainty": 0.69363636,
    "lowest_certainty": 0.0,
    "note_ranking": [
        [
            "D",
            0.06274316075329722
        ],
        [
            "F",
            0.04777482409929012
        ],
        [
            "D#",
            0.046593768208481226
        ],
        [
            "C",
            0.037585354111582286
        ],
        [
            "A#",
            0.034838884965159723
        ],
        [
            "C#",
            0.03414856605028955
        ],
        [
            "Bb",
            0.031567325283018866
        ],
        [
            "A",
            0.02487633508182328
        ],
        [
            "G#",
            0.023965320174649727
        ],
        [
            "G",
            0.023468013139323743
        ],
        [
            "F#",
            0.020236846690173733
        ],
        [
            "E",
            0.015655518274929947
        ]
    ],
    "distinct_notes": 0,
    "note_counts": {
        "C": 0.0,
        "C#": 0.0,
        "D": 0.0,
        "D#": 0.0,
        "E": 0.0,
        "F": 0.0,
        "F#": 0.0,
        "G": 0.0,
        "G#": 0.0,
        "A": 0.0,
        "A#": 0.0,
        "Bb": 0.0
    }
}