{
    "model_name": "1672_256hidden_lstm",
    "total_notes": 11413.805880810898,
    "average_certainty": 0.17768550160051835,
    "highest_certainty": 0.9177068,
    "lowest_certainty": 0.0,
    "note_ranking": [
        [
            "G#",
            0.7624284838548477
        ],
        [
            "A#",
            0.7215418354791705
        ],
        [
            "D",
            0.31594022877036243
        ],
        [
            "C#",
            0.133548837522195
        ],
        [
            "G",
            0.12287108533494677
        ],
        [
            "F",
            0.030064274036035867
        ],
        [
            "A",
            0.015630518528107602
        ],
        [
            "F#",
            0.013249870541294602
        ],
        [
            "D#",
            0.006028162005424995
        ],
        [
            "E",
            0.0037905705527814314
        ],
        [
            "C",
            0.0036307300651279655
        ],
        [
            "Bb",
            0.0035014225159256496
        ]
    ]
}