{
    "model_name": "1680_seq8_25epochs_lstm",
    "total_notes": 4582.598832068932,
    "average_certainty": 0.07134004035227805,
    "highest_certainty": 0.9884453,
    "lowest_certainty": 0.0,
    "note_ranking": [
        [
            "A#",
            0.19001708143979262
        ],
        [
            "C",
            0.11435666947425743
        ],
        [
            "G#",
            0.10337288525433214
        ],
        [
            "F",
            0.08911309498561554
        ],
        [
            "G",
            0.08205979379754719
        ],
        [
            "E",
            0.06277887364345489
        ],
        [
            "D#",
            0.052053085871561745
        ],
        [
            "D",
            0.04049053894120119
        ],
        [
            "C#",
            0.038566679301522515
        ],
        [
            "A",
            0.037853622324505884
        ],
        [
            "F#",
            0.0278105678821969
        ],
        [
            "Bb",
            0.017607591311348588
        ]
    ]
}