{
    "model_name": "1684_000001LR_lstm",
    "average_certainty": 0.05548549559079426,
    "highest_certainty": 0.9416834,
    "lowest_certainty": 0.0,
    "note_ranking": [
        [
            "C",
            0.16789492698630673
        ],
        [
            "F",
            0.09051945220463291
        ],
        [
            "G",
            0.07634069233655895
        ],
        [
            "F#",
            0.06513657063734728
        ],
        [
            "A#",
            0.06315240711965253
        ],
        [
            "D",
            0.04615624572054922
        ],
        [
            "G#",
            0.0388860783949561
        ],
        [
            "D#",
            0.038608114466654214
        ],
        [
            "Bb",
            0.029993787483859516
        ],
        [
            "E",
            0.02072730068944891
        ],
        [
            "A",
            0.019028111321655147
        ],
        [
            "C#",
            0.009382259727909584
        ]
    ],
    "distinct_notes": 23,
    "note_counts": {
        "C": 309.0,
        "C#": 0.0,
        "D": 0.0,
        "D#": 0.0,
        "E": 0.0,
        "F": 1.0,
        "F#": 232.0,
        "G": 27.0,
        "G#": 1.0,
        "A": 0.0,
        "A#": 0.0,
        "Bb": 0.0
    }
}