{
    "model_name": "1685_smallLR_lstm",
    "total_notes": 4212.8862803063,
    "average_certainty": 0.06558450526661529,
    "highest_certainty": 0.8837883,
    "lowest_certainty": 0.0,
    "note_ranking": [
        [
            "F",
            0.13712145832794695
        ],
        [
            "G#",
            0.09932968148522324
        ],
        [
            "G",
            0.0984384622716234
        ],
        [
            "A#",
            0.09788564245675321
        ],
        [
            "D#",
            0.08802730129450775
        ],
        [
            "D",
            0.07394373422275359
        ],
        [
            "C",
            0.05785630132094153
        ],
        [
            "A",
            0.04121549413043154
        ],
        [
            "C#",
            0.030549077314926208
        ],
        [
            "E",
            0.029779685309153744
        ],
        [
            "F#",
            0.01771962372488324
        ],
        [
            "Bb",
            0.015147601340239118
        ]
    ]
}