{
    "model_name": "1705_alldata_00001LR_10epochs_lstm",
    "total_notes": 2702.10361407227,
    "average_certainty": 0.04206525334815789,
    "highest_certainty": 0.8697164,
    "lowest_certainty": 0.0,
    "note_ranking": [
        [
            "G#",
            0.10172290984634784
        ],
        [
            "F",
            0.07856368269755278
        ],
        [
            "C",
            0.054849072226321675
        ],
        [
            "G",
            0.04233874939818793
        ],
        [
            "D#",
            0.039175265620511865
        ],
        [
            "A#",
            0.03710623955236316
        ],
        [
            "D",
            0.029664497246235755
        ],
        [
            "E",
            0.02889901219344293
        ],
        [
            "C#",
            0.0278093363925836
        ],
        [
            "F#",
            0.022941567281444048
        ],
        [
            "A",
            0.022258927606770038
        ],
        [
            "Bb",
            0.01945378011613301
        ]
    ]
}