{
    "model_name": "1707_allData_batch256_lstm",
    "average_certainty": 0.10183339147499741,
    "highest_certainty": 0.98177767,
    "lowest_certainty": 0.0,
    "note_ranking": [
        [
            "C",
            0.4845549684983561
        ],
        [
            "F#",
            0.17988924952371213
        ],
        [
            "F",
            0.0956181992203045
        ],
        [
            "D#",
            0.09469367324453579
        ],
        [
            "E",
            0.08584819976184122
        ],
        [
            "A#",
            0.04871405378016626
        ],
        [
            "G#",
            0.04802699008040164
        ],
        [
            "C#",
            0.04613876650981693
        ],
        [
            "D",
            0.04496682988798991
        ],
        [
            "A",
            0.03422673233176931
        ],
        [
            "Bb",
            0.031735572160517464
        ],
        [
            "G",
            0.027587462700557442
        ]
    ],
    "distinct_notes": 113,
    "note_counts": {
        "C": 2153.0,
        "C#": 53.0,
        "D": 0.0,
        "D#": 144.0,
        "E": 288.0,
        "F": 190.0,
        "F#": 729.0,
        "G": 0.0,
        "G#": 128.0,
        "A": 21.0,
        "A#": 15.0,
        "Bb": 80.0
    }
}