{
    "model_name": "1955_seq16_00001LR_stride4_lstm",
    "total_notes": 4157.12627750934,
    "average_certainty": 0.06471645615401551,
    "highest_certainty": 0.81284386,
    "lowest_certainty": 0.0,
    "note_ranking": [
        [
            "A",
            0.12950578667961893
        ],
        [
            "A#",
            0.11957213335940595
        ],
        [
            "C",
            0.09895703359219131
        ],
        [
            "G",
            0.09549732282828322
        ],
        [
            "D#",
            0.07928855959312535
        ],
        [
            "F",
            0.060505538541247905
        ],
        [
            "D",
            0.05458406469039791
        ],
        [
            "G#",
            0.038253081797571455
        ],
        [
            "E",
            0.03281370169633851
        ],
        [
            "Bb",
            0.028047847088716604
        ],
        [
            "C#",
            0.023025659730468898
        ],
        [
            "F#",
            0.0165467442508201
        ]
    ]
}