{
    "model_name": "2027_seq16_stride1_lstm",
    "total_notes": 3061.5693334968987,
    "average_certainty": 0.04766126990312127,
    "highest_certainty": 0.9988599,
    "lowest_certainty": 0.0,
    "note_ranking": [
        [
            "A#",
            0.1739436817842731
        ],
        [
            "F",
            0.15701350749542686
        ],
        [
            "G#",
            0.05475025522573056
        ],
        [
            "D#",
            0.03535697425758483
        ],
        [
            "C",
            0.033116916775687094
        ],
        [
            "E",
            0.028130811914921318
        ],
        [
            "A",
            0.02585147864068233
        ],
        [
            "D",
            0.024429295799127945
        ],
        [
            "G",
            0.020397040217005138
        ],
        [
            "C#",
            0.008384488350876724
        ],
        [
            "Bb",
            0.006176309887497215
        ],
        [
            "F#",
            0.0043844784886421986
        ]
    ]
}