{
    "model_name": "2027_seq16_stride1_lstm",
    "average_certainty": 0.04766126990312127,
    "highest_certainty": 0.9988599,
    "lowest_certainty": 0.0,
    "note_ranking": [
        [
            "A#",
            0.1739436817842731
        ],
        [
            "F",
            0.15701350749542686
        ],
        [
            "G#",
            0.05475025522573056
        ],
        [
            "D#",
            0.03535697425758483
        ],
        [
            "C",
            0.033116916775687094
        ],
        [
            "E",
            0.028130811914921318
        ],
        [
            "A",
            0.02585147864068233
        ],
        [
            "D",
            0.024429295799127945
        ],
        [
            "G",
            0.020397040217005138
        ],
        [
            "C#",
            0.008384488350876724
        ],
        [
            "Bb",
            0.006176309887497215
        ],
        [
            "F#",
            0.0043844784886421986
        ]
    ],
    "distinct_notes": 43,
    "note_counts": {
        "C": 10.0,
        "C#": 0.0,
        "D": 6.0,
        "D#": 14.0,
        "E": 8.0,
        "F": 447.0,
        "F#": 0.0,
        "G": 0.0,
        "G#": 113.0,
        "A": 1.0,
        "A#": 521.0,
        "Bb": 0.0
    }
}