{
    "model_name": "2183_seq32_lstm",
    "total_notes": 4871.433318156801,
    "average_certainty": 0.07583649850795192,
    "highest_certainty": 0.58535886,
    "lowest_certainty": 0.0,
    "note_ranking": [
        [
            "D#",
            0.12884634191929759
        ],
        [
            "F",
            0.10485199894918737
        ],
        [
            "G",
            0.09285342506241359
        ],
        [
            "A#",
            0.09036352697113767
        ],
        [
            "C",
            0.08783878200476368
        ],
        [
            "G#",
            0.08326190374100503
        ],
        [
            "D",
            0.07355710717679806
        ],
        [
            "F#",
            0.06285126956501028
        ],
        [
            "C#",
            0.05827217382490192
        ],
        [
            "A",
            0.05301405985107416
        ],
        [
            "Bb",
            0.03909605452686344
        ],
        [
            "E",
            0.03523133850297029
        ]
    ]
}