{
    "model_name": "2328_seq32_180epochs_lstm",
    "average_certainty": 0.047181770896688374,
    "highest_certainty": 0.9803365,
    "lowest_certainty": 0.0,
    "note_ranking": [
        [
            "C",
            0.0995293318006821
        ],
        [
            "G#",
            0.07901272079994924
        ],
        [
            "F",
            0.0660346629942662
        ],
        [
            "G",
            0.06348850875618234
        ],
        [
            "C#",
            0.0510810775512913
        ],
        [
            "E",
            0.04936063744658397
        ],
        [
            "D#",
            0.04664947534338588
        ],
        [
            "A#",
            0.04542539404676088
        ],
        [
            "A",
            0.024694768858348592
        ],
        [
            "F#",
            0.01537431129477052
        ],
        [
            "D",
            0.015280056425503756
        ],
        [
            "Bb",
            0.01025030544253568
        ]
    ],
    "distinct_notes": 7,
    "note_counts": {
        "C": 43.0,
        "C#": 12.0,
        "D": 2.0,
        "D#": 24.0,
        "E": 29.0,
        "F": 21.0,
        "F#": 3.0,
        "G": 16.0,
        "G#": 28.0,
        "A": 6.0,
        "A#": 12.0,
        "Bb": 3.0
    }
}