{
    "model_name": "2446_seq256_lstm",
    "total_notes": 4999.5230193424995,
    "average_certainty": 0.07783054703503488,
    "highest_certainty": 0.329882,
    "lowest_certainty": 0.0,
    "note_ranking": [
        [
            "G#",
            0.1524506110169998
        ],
        [
            "C",
            0.1456636215367084
        ],
        [
            "F",
            0.13950645538314962
        ],
        [
            "D#",
            0.11198760687801232
        ],
        [
            "A#",
            0.08921069554660938
        ],
        [
            "C#",
            0.07951929331496357
        ],
        [
            "G",
            0.07126274119615168
        ],
        [
            "D",
            0.033966814051559865
        ],
        [
            "E",
            0.0317599278992154
        ],
        [
            "F#",
            0.031724355547730246
        ],
        [
            "Bb",
            0.023622035208761438
        ],
        [
            "A",
            0.0232924068405567
        ]
    ]
}