{
    "model_name": "2501_seq64_lstm",
    "total_notes": 2809.097631835705,
    "average_certainty": 0.043730892830121826,
    "highest_certainty": 0.99604887,
    "lowest_certainty": 0.0,
    "note_ranking": [
        [
            "G#",
            0.12047644011920662
        ],
        [
            "A#",
            0.11842304958889101
        ],
        [
            "C",
            0.09051526211600804
        ],
        [
            "F",
            0.05208811217990506
        ],
        [
            "G",
            0.05070675291692479
        ],
        [
            "D#",
            0.028868903922744875
        ],
        [
            "A",
            0.01978822252663963
        ],
        [
            "C#",
            0.015920299038850012
        ],
        [
            "D",
            0.009570119311805165
        ],
        [
            "Bb",
            0.007320177383158342
        ],
        [
            "F#",
            0.006105376498779886
        ],
        [
            "E",
            0.004987998358548418
        ]
    ]
}