{
    "model_name": "2501_seq256_stride64_lstm",
    "average_certainty": 0.08618648897646179,
    "highest_certainty": 0.26426262,
    "lowest_certainty": 0.0,
    "note_ranking": [
        [
            "F",
            0.13929440619876704
        ],
        [
            "C",
            0.13901713360863066
        ],
        [
            "A#",
            0.13754529208163646
        ],
        [
            "D#",
            0.11212117652960958
        ],
        [
            "G",
            0.10683955181076031
        ],
        [
            "D",
            0.09120513474276107
        ],
        [
            "G#",
            0.07213093260003736
        ],
        [
            "A",
            0.0644010150403512
        ],
        [
            "C#",
            0.054627381561180646
        ],
        [
            "E",
            0.04187024080459555
        ],
        [
            "Bb",
            0.039279998007285634
        ],
        [
            "F#",
            0.03590560473192602
        ]
    ],
    "distinct_notes": 0,
    "note_counts": {
        "C": 0.0,
        "C#": 0.0,
        "D": 0.0,
        "D#": 0.0,
        "E": 0.0,
        "F": 0.0,
        "F#": 0.0,
        "G": 0.0,
        "G#": 0.0,
        "A": 0.0,
        "A#": 0.0,
        "Bb": 0.0
    }
}