{
    "model_name": "2542_seq256_180epochs_lstm",
    "average_certainty": 0.09057027530928143,
    "highest_certainty": 0.9690291,
    "lowest_certainty": 0.0,
    "note_ranking": [
        [
            "A#",
            0.1496175208484943
        ],
        [
            "C",
            0.14578909945485524
        ],
        [
            "D#",
            0.14416576831147018
        ],
        [
            "A",
            0.114258536394377
        ],
        [
            "F#",
            0.10870452938300952
        ],
        [
            "F",
            0.10384694213754343
        ],
        [
            "D",
            0.09858930296407808
        ],
        [
            "G",
            0.0653926275677437
        ],
        [
            "C#",
            0.04562601935662059
        ],
        [
            "G#",
            0.045227222251083506
        ],
        [
            "E",
            0.04016538274584345
        ],
        [
            "Bb",
            0.025460352296258173
        ]
    ],
    "distinct_notes": 6,
    "note_counts": {
        "C": 7.0,
        "C#": 0.0,
        "D": 13.0,
        "D#": 0.0,
        "E": 10.0,
        "F": 0.0,
        "F#": 6.0,
        "G": 5.0,
        "G#": 0.0,
        "A": 1.0,
        "A#": 4.0,
        "Bb": 0.0
    }
}