{
    "model_name": "2604_seq8_numL10_lstm",
    "average_certainty": 0.08056984931082259,
    "highest_certainty": 0.1060577,
    "lowest_certainty": 0.0,
    "note_ranking": [
        [
            "D",
            0.10478964982850739
        ],
        [
            "C",
            0.09014163242181955
        ],
        [
            "A",
            0.08562564023930508
        ],
        [
            "E",
            0.08457624498785728
        ],
        [
            "G",
            0.08328419292546238
        ],
        [
            "Bb",
            0.0818446917130581
        ],
        [
            "G#",
            0.0815373692045582
        ],
        [
            "F",
            0.07758219003736222
        ],
        [
            "D#",
            0.07663822276387072
        ],
        [
            "A#",
            0.07147100896020922
        ],
        [
            "C#",
            0.06883038206874649
        ],
        [
            "F#",
            0.0605169665791145
        ]
    ],
    "distinct_notes": 0,
    "note_counts": {
        "C": 0.0,
        "C#": 0.0,
        "D": 0.0,
        "D#": 0.0,
        "E": 0.0,
        "F": 0.0,
        "F#": 0.0,
        "G": 0.0,
        "G#": 0.0,
        "A": 0.0,
        "A#": 0.0,
        "Bb": 0.0
    }
}