{
    "model_name": "2_0406_seq8_customLoss_lstm",
    "average_certainty": 0.06795241898943287,
    "highest_certainty": 0.63045573,
    "lowest_certainty": 0.0,
    "note_ranking": [
        [
            "C#",
            0.14507084276218943
        ],
        [
            "F#",
            0.10405109319957033
        ],
        [
            "E",
            0.09181843242645246
        ],
        [
            "D#",
            0.08843786692023166
        ],
        [
            "A#",
            0.07456435938393424
        ],
        [
            "A",
            0.05828682177300579
        ],
        [
            "F",
            0.05515169066102186
        ],
        [
            "G#",
            0.04963547787608818
        ],
        [
            "C",
            0.04434542195738839
        ],
        [
            "D",
            0.04164714106481599
        ],
        [
            "Bb",
            0.03935156991636466
        ],
        [
            "G",
            0.023068309932131516
        ]
    ],
    "distinct_notes": 0,
    "note_counts": {
        "C": 0.0,
        "C#": 0.0,
        "D": 0.0,
        "D#": 0.0,
        "E": 0.0,
        "F": 0.0,
        "F#": 0.0,
        "G": 0.0,
        "G#": 0.0,
        "A": 0.0,
        "A#": 0.0,
        "Bb": 0.0
    }
}