{
    "model_name": "original_harmony",
    "average_certainty": 0.13621645183386263,
    "highest_certainty": 1.0,
    "lowest_certainty": 0.0,
    "note_ranking": [
        [
            "G#",
            0.37194096768167384
        ],
        [
            "C",
            0.32860078460676256
        ],
        [
            "A#",
            0.2101625256865309
        ],
        [
            "F",
            0.2028768914627312
        ],
        [
            "D#",
            0.17149262096020923
        ],
        [
            "G",
            0.1640201756024659
        ],
        [
            "C#",
            0.1277788156174108
        ],
        [
            "E",
            0.05772464038856716
        ],
        [
            "D",
            0.0
        ],
        [
            "F#",
            0.0
        ],
        [
            "A",
            0.0
        ],
        [
            "Bb",
            0.0
        ]
    ],
    "distinct_notes": 224,
    "note_counts": {
        "C": 1759.0,
        "C#": 684.0,
        "D": 0.0,
        "D#": 918.0,
        "E": 309.0,
        "F": 1086.0,
        "F#": 0.0,
        "G": 878.0,
        "G#": 1991.0,
        "A": 0.0,
        "A#": 1125.0,
        "Bb": 0.0
    }
}