{
    "model_name": "original_melody",
    "average_certainty": 0.07774456690952115,
    "highest_certainty": 1.0,
    "lowest_certainty": 0.0,
    "note_ranking": [
        [
            "F",
            0.2103493368204745
        ],
        [
            "C",
            0.20848122548103867
        ],
        [
            "A#",
            0.16345974220063517
        ],
        [
            "D#",
            0.1156360919110779
        ],
        [
            "G",
            0.09172426676629927
        ],
        [
            "G#",
            0.07808705398841771
        ],
        [
            "C#",
            0.04707640575378293
        ],
        [
            "E",
            0.018120679992527554
        ],
        [
            "D",
            0.0
        ],
        [
            "F#",
            0.0
        ],
        [
            "A",
            0.0
        ],
        [
            "Bb",
            0.0
        ]
    ],
    "distinct_notes": 128,
    "note_counts": {
        "C": 1116.0,
        "C#": 252.0,
        "D": 0.0,
        "D#": 619.0,
        "E": 97.0,
        "F": 1126.0,
        "F#": 0.0,
        "G": 491.0,
        "G#": 418.0,
        "A": 0.0,
        "A#": 875.0,
        "Bb": 0.0
    }
}